{"cameraMode":{"drawMode":0,"name":"Shaded","section":"Shading Mode"},"sceneLighting":true,"audioPlay":false,"sceneViewState":{"showFog":false,"showMaterialUpdate":false,"showSkybox":true,"showFlares":true,"showImageEffects":false,"showParticleSystems":true},"in2DMode":false,"pivot":{"x":3.774118423461914,"y":4.560851097106934,"z":-2.4495656490325929},"rotation":{"x":0.42997077107429507,"y":-0.3188864290714264,"z":0.16553758084774018,"w":0.8283058404922485},"size":3.389899492263794,"orthographic":false}